eps,min_samples,Klaster,Noise,Homogeneity,Completeness,V-measure,ARI,AMI,Silhouette,Silhouette_semua_titik
0.2,5,2,0,1.0,1.0,1.0,1.0,1.0,0.3915969903000845,0.3915969903000845
0.05,3,67,197,0.8038246720088734,0.1549149103539664,0.25976694671908135,0.03298442768684817,0.2464280615685897,0.32326903583966393,0.077966870310091
0.05,10,0,1000,0.0,1.0,0.0,0.0,0.0,,
0.05,20,0,1000,0.0,1.0,0.0,0.0,0.0,,
0.1,3,3,18,0.9834706749870199,0.7083946781351583,0.8235707303505325,0.8542849933908435,0.8232461754403827,0.17866348085501102,0.13788738172080403
0.1,10,9,63,0.938949015074729,0.35828160098714606,0.5186559000396456,0.43505179599480326,0.5168994871020957,0.24330540266230372,0.18414033638490093
0.1,20,6,844,0.1571079977137118,0.15338470394764786,0.155224026768964,0.010402380071867895,0.15151922366752654,0.7991131368680643,-0.4091183559990714
0.3,3,2,0,1.0,1.0,1.0,1.0,1.0,0.3915969903000845,0.3915969903000845
0.3,10,2,0,1.0,1.0,1.0,1.0,1.0,0.3915969903000845,0.3915969903000845
0.3,20,2,0,1.0,1.0,1.0,1.0,1.0,0.3915969903000845,0.3915969903000845
0.5,3,1,0,0.0,1.0,0.0,0.0,0.0,,
0.5,10,1,0,0.0,1.0,0.0,0.0,0.0,,
0.5,20,2,0,0.9895900789402428,0.9895929343037845,0.989591506619954,0.995999996008016,0.9895839817496578,0.393222470955371,0.393222470955371
0.05,5,51,444,0.5560064986482866,0.13731391202000723,0.22023706864291379,0.013713788911914446,0.20778219094487674,0.5534044084530605,-0.10200660850181521
0.1,5,3,21,0.9807157874848557,0.699588756320116,0.8166349851276326,0.8489541100445575,0.8163000913314733,0.17965797500569822,0.1373346079607762
0.3,5,2,0,1.0,1.0,1.0,1.0,1.0,0.3915969903000845,0.3915969903000845
0.5,5,1,0,0.0,1.0,0.0,0.0,0.0,,
0.2,3,2,0,1.0,1.0,1.0,1.0,1.0,0.3915969903000845,0.3915969903000845
0.2,10,2,0,1.0,1.0,1.0,1.0,1.0,0.3915969903000845,0.3915969903000845
0.2,20,2,5,0.995145247027726,0.9564897033741537,0.975434654875129,0.990017908755237,0.9753970344718932,0.3968085827913388,0.183098886472546
